id,businessName,street,suburb,postCode,officeTel,email,firstName,lastName
1,Sensis Pty Ltd,345 Nerang Southport Rd,Ashmore ,4214,755827538,,,
2,Three Plus Gold Coast,"Suite 1, Level 1 / 37 Connor St, Mcdonald House",Burleigh Heads ,4220,755082244,,,
3,Jan Murphy Marketing,9 Adaminaby Drv,Helensvale ,4212,755199999,,,
4,Juice Agency,1 Seychelles Crt,Burleigh Heads ,4220,755203116,,,
5,Morgan Marketing,15 Highbridge Rse,Mudgeeraba ,4213,755227557,,,
6,Matthew John Barbour & Jc's Homecare,Shp1/ 2462 Gold Coast Hwy,Mermaid Beach ,4218,755261074,,,
7,Market Focus,199 Markeri St,Mermaid Waters ,4218,755266440,,,
8,Cosgrave Marketing Services Pty Ltd,43 Eileen Ave,Southport ,4215,755282205,,,
9,Top Draw Marketing,4 Kinloch Ave,Benowa ,4217,755310204,,,
10,Able Advertising,82B Minnie St,Southport ,4215,755314448,,,
11,MR Marketing and Business Solutions,Suite 208/9 Bay St,Southport ,4215,755329160,,,
12,Showpoint Australia Pty Ltd,11 Benaroon Crt,Tallebudgera ,4228,755339212,,,
13,Karen Phillips Corporate Communications,2/55 Thomas Drv,Chevron Island ,4217,755383644,,,
14,V Marketing Australia,Unit 30/ 42 Bundall Rd,Bundall ,4217,755388123,,,
15,Maclag AustralAsia,15 Albert Ave,Broadbeach ,4218,755399808,,,
16,Broader Media Marketing,36 Tubber St,Beaudesert ,4285,755411258,,,
17,Scott Concepts,72 Coomera Gorge Drv,Mt Tamborine ,4272,755451381,,,
18,Becca Marketing,6 Elizabeth St,Currumbin Waters ,4223,755595186,hello@beccamarketing.com.au,Rebecca,Madsen
19,Women In The Waves,PO Box 1087,Coolangatta ,4225,755595913,,,
20,Marketing Elite,"Tower House, Suite 30 2190 Gold Coast Hwy",Miami ,4220,755641492,,,
21,Localtag Business Xchange,Unit 21/ 251 Bayview St,Hollywell ,4216,755641766,info@localtag.com.au,Pete,Nicholls
22,Subliminal Marketing Pty Ltd,511 Olsen Ave,Southport ,4215,755645797,,,
23,Circle Direct,18 Cordyline Drv,Reedy Creek ,4227,755680197,,,
24,H & L Marketing Services,Ste321/51 Robina Town Center Drv,Robina ,4226,755720208,,,
25,Sran Marketing Pty Ltd,1 Huxley St,Pacific Pines ,4211,755733775,,,
26,my iHub,467 Tamborine-Oxenford Rd,Upper Coomera ,4209,755734129,,,
27,Australian Business Solutions Pty Ltd,8 Karp Crt,Bundall ,4217,755742963,,,
28,Planner Support,10 Sevenoaks St,Worongary ,4213,755749832,,,
29,Inqbator,34 Glenferrie Drv,Robina ,4226,755789500,,,
30,New Movers Australia Pty Ltd,U 4/ 17 Commercial Drv,Ashmore ,4214,755886333,,,
31,Broad Search Industries,38 Queen St,Southport ,4215,755912295,,,
32,Hot Goanna Pty Ltd,Lvl2/ 67 Davenport St,Southport ,4215,755915377,,,
33,Pinpoint Marketing Pty Ltd,"Unit 1, 121 Olympic Cct",Southport ,4215,755916943,,,
34,Business Communications Management,10 Welch St,Southport ,4215,755918081,,,
35,Eaves Victoria,14 Fairway Ave,Southport ,4215,755924249,,,
36,Qantam Consultants,14 Fairway Ave,Southport ,4215,755924249,,,
37,Business Clique,1/9 Price St,Nerang ,4211,755947175,,,
38,Argyle International,2 Chichester Drv,Arundel ,4214,755949944,,,
39,Fresh Escapes Pty Ltd,Shp 8/ 31 Station St,Nerang ,4211,755960061,,,
40,SEO Gold Coast Consulting,168/ 251 Varsity Pde,Varsity Lakes ,4227,756101923,glenn@seogoldcoastconsulting.com.au,,
41,Find Net Solutions,2570 Cressbrook Drv,Hope Island ,4212,756677755,,,
42,SPHERIX,"Space 101 Level 1, Eastside/ 232 Robina Town Centre Drv",Robina ,4226,756689000,,,
43,Business 2 Business Marketing,34 Seabeach Av,Mermaid Beach ,4218,756798343,,,
44,Innovative Business & Marketing Solutions,level 13/50 Cavill Ave,Surfers Paradise ,4217,730414028,Info@inovativebusinessmarketing.com.au,,
45,The Success Club ,18 Milky Wy,Mudgeeraba ,4213,731023669,successclubau@gmail.com,Alex,Warren
46,etellligent Marketing - SEO Internet Marketing Company,Level 2 7-9 Burra St,Surfers Paradise ,4217,731032323,,,
47,Ethical SEO,108 / 30 Christine Ave,Robina ,4226,738363495,info@ethical-seo.com.au,,
48,Total Merchandise Concepts,11 balmoral avenue,sorrento ,4217,755275226,tmc@totalmerchandise.com.au,Kobe,Steele
49,Y2K BUSINESS MARKETING PROFESSIONALS PTY LTD,207 Currumburra Rd,Ashmore ,4214,755918372,,,
50,Maddison Communications,,Eagleby ,4207,731623007,,,
51,M. Norris,"Lot 45, Aberneen Rd",North Maclean ,4280,732975238,,,
52,Inventco Pty Ltd,Corporate Centre One Bundall Rd,Bundall ,4217,755266352,,,
53,Amotto Marketing & Promotions,,Surfers Paradise ,4217,755266553,,,
54,Doctor Paul Consulting,22 Bombala St,Broadbeach Waters ,4218,755380468,,,
55,Martin J Hodder Pty Ltd,,Benowa ,4217,755391211,,,
56,The Unfair Advantage,,Tamborine ,4270,755438400,,,
57,Origin Marketing Group,,Merrimac ,4226,755592172,,,
58,Soul Arch Media & Marketing,15 Bali Ave,Palm Beach ,4221,755595551,caz@soularchmedia.com,,
59,Fitter Business Profits,26 Sarawak Ave,Palm Beach ,4221,755595742,info@fitterbusinessprofits.com,Ben,Forde
60,PRC Marketing,,Labrador ,4215,755745580,,,
61,Seair Trading Co Pty Ltd,Hong Kong Jockey Club Bldg Bond University Research Park,Robina ,4226,755831854,,,
62,T & M Direct Marketing Services,PO Box564,Nerang ,4211,755963718,,,
63,Clique Design,,Nerang ,4211,755967543,,,
64,"Jigsaw Sales, Marketing & Training",,Tugun ,4224,755980911,,,
65,Surf City Marketing,,Burleigh Heads ,4220,756414688,admin@surfcitymarketing.com.au,,
66,Main Street International Marketing Group,"Suite 2, Powertel Building, Bo Main St",Robina ,4226,756578019,,,
67,Nicola Griffiths Marketing Specialist,,Helensvale ,4212,756657848,,,
68,OC Imports,P.O Box 160,Mermaid Beach ,4218,1300044523,info@ocimports.com.au,James,Squire
69,Medical Whiteboards,P.O Box 4412,Robina Town Centre ,4230,1300078688,admin@medicalwhiteboards.com.au,Craig,Waitoa
70,Visual Marketing Australia Pty Ltd,150 The Esplanade,Surfers Paradise ,4217,1300158708,,John,Bond
71,Data Verification Services Pty Ltd,,Burleigh Waters ,4220,1300376209,sales@dataverificationservices.com.au,,
72,Bloomgroup,L 3 2 Boston Ct,Varsity Lakes ,4227,1300399399,,,
73,Smart Marketing Magic,193 15 Albert Ave,Broadbeach ,4218,1300446918,,,
74,Clicks and Mortar,72 Musgrave Ave,Southport ,4215,1300471694,service@clicksandmortar.co,John,GilbertGrant
75,T.H.E Brochure Service,PO Box 222,Oxenford,4210,1300655418,sales@thebrochureservice.com.au,,
76,Azura Social Media,"Level 6, Suite 30609, Southport Central Tower 3, 9 Lawson Street",Southport ,4215,1300669779,info@azurasm.com.au,Chris,
77,Marketing Tactics Pty Ltd,,Nobby Beach ,4218,1300738784,,,
78,Inrealm Marketing,,Robina Town Centre ,4230,1300791450,,,
79,Clickable – The Australian Institute of Internet Marketing,"Suite 1101 Level 11 The Rocket, 230 Robina Town Centre Drive",Robina,4213,1300793700,training@aiimtraining.com.au,,
80,Searchical,13/40 Watson Esplanade,Surfers Paradise,4217,1300899123,,Iman,Bahrani
81,Amadin Global Pty Ltd,Lvl 2/ 10 Short St,Southport ,4215,1800216161,,,
82,Stampede Marketing,2/ 47 Gordon St,Labrador ,4215,1800763617,marketing@stampededesign.com.au,,
83,Hello Marketing,PO Box 341,Tugun ,4224,755981100,info@hellomarketing.com.au,KATE,INNES
84,Austel Marketing Pty Ltd,"Suite 3, Level 1, 2 Boston Court",Varsity Lakes ,4227,756098500,info@austelmarketing.com.au,,
85,Crocodile Marketing,PO Box 4483,Ashmore ,4214,756301155,Customers@CrocodileMarketing.com.au,,
86,marketing2china,"Unit8, Level 2, Parkrise building, 3 Alison Street",Surfers Paradise,4217,756609396,,Kai,Shi
87,Core Digital,PO Box 761,Robina ,4226,,admin@coredigital.com.au,,
88,The Marketing Canteen,,Gold Coast,,,admin@themarketingcanteen.com,,
89,RedFox Business Strategies Pty Ltd,,,,,askus@redfoxstrategies.com.au,Roger,
90,Copy Fiona,,Surfers Paradise ,4217,,brycefiona@gmail.com,,
91,Creative Copywriting,"Level 1, Suite 1, 18 Brendan Drive",Nerang ,4211,,creativesolutions2@mac.com,Jaffaman,Eddie
92,Get Connected QLD,3458 Main Beach Pde,Surfers Paradise ,4217,,getconnectedqld@gmail.com,,
93,Savage Marketing,PO Box505,Beaudesert,4285,,hannah@savagemarketing.com.au,,
94,Ballard Communications,PO Box 383,Tugun  ,4224,,info@ballardcommunications.com.au,,
95,DLM Marketing,21 - 23 Maggie Court,CEDAR VALE ,4285,,marketing@dlmmarketing.com.au,Darren,Muller
96,Pearl Media Group,50 Cavill Ave,Surfers Paradise ,4217,,rob@pearlmedia.com.au,,
97,My Own Way,"Suite 30610, Level 6, Southport Central 3 Commercial, 9 Lawson Street",Southport ,4215,,systems@myownway.com.au,Richard,Coleman
98,Social Strategies,13 Sandpiper Drv,Burleigh Heads ,4220,,,Matt,Crawford
99,Spence Consulting Pty Ltd,P.O Box 4450,Ashmore,4214,,,Rod,Spence
100,i.interact marketing,1708/ 13516 Braker St,Main Beach ,4217,,,Taryn,Poole